,Metric,Training,Test
0,Accuracy,0.9899355422367975,0.9656264133876075
1,F1 Score,0.9909690512430238,0.9693053311793215
2,Recall,0.9920763917106867,0.97165991902834
